"No.","Time","Source","Destination","Protocol","Length","Leftover Capture Data","Info"
"13","14:46:26.436072","3.2.1","host","USB","72","0200000000000000","URB_INTERRUPT in"
"15","14:46:26.604070","3.2.1","host","USB","72","02000c0000000000","URB_INTERRUPT in"
"17","14:46:26.724070","3.2.1","host","USB","72","0200000000000000","URB_INTERRUPT in"
"21","14:46:27.277075","3.2.1","host","USB","72","00002c0000000000","URB_INTERRUPT in"
"25","14:46:28.379096","3.2.1","host","USB","72","0000040000000000","URB_INTERRUPT in"
"29","14:46:29.142103","3.2.1","host","USB","72","0000100000000000","URB_INTERRUPT in"
"33","14:46:30.398113","3.2.1","host","USB","72","00002c0000000000","URB_INTERRUPT in"
"37","14:46:31.063127","3.2.1","host","USB","72","0000160000000000","URB_INTERRUPT in"
"41","14:46:31.755123","3.2.1","host","USB","72","0000080000000000","URB_INTERRUPT in"
"45","14:46:32.361142","3.2.1","host","USB","72","0000110000000000","URB_INTERRUPT in"
"49","14:46:32.910141","3.2.1","host","USB","72","0000070000000000","URB_INTERRUPT in"
"53","14:46:33.665141","3.2.1","host","USB","72","00000c0000000000","URB_INTERRUPT in"
"57","14:46:34.345152","3.2.1","host","USB","72","0000110000000000","URB_INTERRUPT in"
"61","14:46:34.958155","3.2.1","host","USB","72","00000a0000000000","URB_INTERRUPT in"
"65","14:46:35.585180","3.2.1","host","USB","72","00002c0000000000","URB_INTERRUPT in"
"69","14:46:36.225168","3.2.1","host","USB","72","0000160000000000","URB_INTERRUPT in"
"73","14:46:36.838182","3.2.1","host","USB","72","0000080000000000","URB_INTERRUPT in"
"77","14:46:37.577185","3.2.1","host","USB","72","0000060000000000","URB_INTERRUPT in"
"81","14:46:38.123189","3.2.1","host","USB","72","0000150000000000","URB_INTERRUPT in"
"85","14:46:38.561194","3.2.1","host","USB","72","0000080000000000","URB_INTERRUPT in"
"89","14:46:39.104203","3.2.1","host","USB","72","0000170000000000","URB_INTERRUPT in"
"93","14:46:39.581204","3.2.1","host","USB","72","0000040000000000","URB_INTERRUPT in"
"97","14:46:40.056231","3.2.1","host","USB","72","0000150000000000","URB_INTERRUPT in"
"101","14:46:40.449214","3.2.1","host","USB","72","00001c0000000000","URB_INTERRUPT in"
"105","14:46:41.212223","3.2.1","host","USB","72","0000340000000000","URB_INTERRUPT in"
"109","14:46:41.718227","3.2.1","host","USB","72","0000160000000000","URB_INTERRUPT in"
"113","14:46:42.435234","3.2.1","host","USB","72","00002c0000000000","URB_INTERRUPT in"
"117","14:46:43.287243","3.2.1","host","USB","72","00000f0000000000","URB_INTERRUPT in"
"121","14:46:43.598247","3.2.1","host","USB","72","0000120000000000","URB_INTERRUPT in"
"125","14:46:44.064255","3.2.1","host","USB","72","0000060000000000","URB_INTERRUPT in"
"129","14:46:44.551268","3.2.1","host","USB","72","0000040000000000","URB_INTERRUPT in"
"133","14:46:45.255274","3.2.1","host","USB","72","0000170000000000","URB_INTERRUPT in"
"137","14:46:45.668275","3.2.1","host","USB","72","00000c0000000000","URB_INTERRUPT in"
"141","14:46:46.153272","3.2.1","host","USB","72","0000120000000000","URB_INTERRUPT in"
"145","14:46:46.548275","3.2.1","host","USB","72","0000110000000000","URB_INTERRUPT in"
"149","14:46:46.805286","3.2.1","host","USB","72","00002c0000000000","URB_INTERRUPT in"
"153","14:46:48.218306","3.2.1","host","USB","72","0000120000000000","URB_INTERRUPT in"
"157","14:46:48.734300","3.2.1","host","USB","72","0000190000000000","URB_INTERRUPT in"
"161","14:46:49.156303","3.2.1","host","USB","72","0000080000000000","URB_INTERRUPT in"
"165","14:46:49.681309","3.2.1","host","USB","72","0000150000000000","URB_INTERRUPT in"
"169","14:46:50.243324","3.2.1","host","USB","72","00002c0000000000","URB_INTERRUPT in"
"173","14:46:50.770320","3.2.1","host","USB","72","0000170000000000","URB_INTERRUPT in"
"177","14:46:51.222324","3.2.1","host","USB","72","00000b0000000000","URB_INTERRUPT in"
"181","14:46:51.731334","3.2.1","host","USB","72","00000c0000000000","URB_INTERRUPT in"
"185","14:46:53.260351","3.2.1","host","USB","72","0000160000000000","URB_INTERRUPT in"
"189","14:46:53.938353","3.2.1","host","USB","72","00002c0000000000","URB_INTERRUPT in"
"193","14:46:54.447363","3.2.1","host","USB","72","0000170000000000","URB_INTERRUPT in"
"197","14:46:54.999368","3.2.1","host","USB","72","0000120000000000","URB_INTERRUPT in"
"201","14:46:55.401372","3.2.1","host","USB","72","0000170000000000","URB_INTERRUPT in"
"205","14:46:55.853373","3.2.1","host","USB","72","0000040000000000","URB_INTERRUPT in"
"209","14:46:56.213379","3.2.1","host","USB","72","00000f0000000000","URB_INTERRUPT in"
"213","14:46:56.818396","3.2.1","host","USB","72","00000f0000000000","URB_INTERRUPT in"
"217","14:46:57.479401","3.2.1","host","USB","72","00001c0000000000","URB_INTERRUPT in"
"221","14:46:59.157410","3.2.1","host","USB","72","00002c0000000000","URB_INTERRUPT in"
"225","14:47:00.714435","3.2.1","host","USB","72","0000080000000000","URB_INTERRUPT in"
"229","14:47:01.072438","3.2.1","host","USB","72","0000110000000000","URB_INTERRUPT in"
"233","14:47:01.383444","3.2.1","host","USB","72","0000060000000000","URB_INTERRUPT in"
"237","14:47:02.090439","3.2.1","host","USB","72","0000150000000000","URB_INTERRUPT in"
"241","14:47:02.385442","3.2.1","host","USB","72","00001c0000000000","URB_INTERRUPT in"
"245","14:47:03.447455","3.2.1","host","USB","72","0000130000000000","URB_INTERRUPT in"
"249","14:47:03.753454","3.2.1","host","USB","72","0000170000000000","URB_INTERRUPT in"
"253","14:47:04.052467","3.2.1","host","USB","72","0000080000000000","URB_INTERRUPT in"
"257","14:47:04.485468","3.2.1","host","USB","72","0000070000000000","URB_INTERRUPT in"
"261","14:47:04.900467","3.2.1","host","USB","72","00002c0000000000","URB_INTERRUPT in"
"265","14:47:05.451484","3.2.1","host","USB","72","0000060000000000","URB_INTERRUPT in"
"269","14:47:06.315482","3.2.1","host","USB","72","00000b0000000000","URB_INTERRUPT in"
"273","14:47:06.671508","3.2.1","host","USB","72","0000040000000000","URB_INTERRUPT in"
"277","14:47:07.096503","3.2.1","host","USB","72","0000110000000000","URB_INTERRUPT in"
"281","14:47:07.441495","3.2.1","host","USB","72","0000110000000000","URB_INTERRUPT in"
"285","14:47:07.805499","3.2.1","host","USB","72","0000080000000000","URB_INTERRUPT in"
"289","14:47:08.073500","3.2.1","host","USB","72","00000f0000000000","URB_INTERRUPT in"
"293","14:47:09.554540","3.2.1","host","USB","72","00002c0000000000","URB_INTERRUPT in"
"297","14:47:10.195522","3.2.1","host","USB","72","0000170000000000","URB_INTERRUPT in"
"301","14:47:11.076534","3.2.1","host","USB","72","0000120000000000","URB_INTERRUPT in"
"305","14:47:11.428535","3.2.1","host","USB","72","00002c0000000000","URB_INTERRUPT in"
"309","14:47:12.166554","3.2.1","host","USB","72","0000100000000000","URB_INTERRUPT in"
"313","14:47:12.552571","3.2.1","host","USB","72","0000040000000000","URB_INTERRUPT in"
"317","14:47:13.000555","3.2.1","host","USB","72","00000e0000000000","URB_INTERRUPT in"
"321","14:47:13.551577","3.2.1","host","USB","72","0000080000000000","URB_INTERRUPT in"
"325","14:47:14.635580","3.2.1","host","USB","72","00002c0000000000","URB_INTERRUPT in"
"329","14:47:15.202576","3.2.1","host","USB","72","0000160000000000","URB_INTERRUPT in"
"333","14:47:15.799586","3.2.1","host","USB","72","0000180000000000","URB_INTERRUPT in"
"337","14:47:16.149584","3.2.1","host","USB","72","0000150000000000","URB_INTERRUPT in"
"341","14:47:16.700594","3.2.1","host","USB","72","0000080000000000","URB_INTERRUPT in"
"345","14:47:17.340597","3.2.1","host","USB","72","00002c0000000000","URB_INTERRUPT in"
"349","14:47:18.418610","3.2.1","host","USB","72","0000110000000000","URB_INTERRUPT in"
"353","14:47:18.871615","3.2.1","host","USB","72","0000120000000000","URB_INTERRUPT in"
"357","14:47:19.564630","3.2.1","host","USB","72","00002c0000000000","URB_INTERRUPT in"
"361","14:47:20.066625","3.2.1","host","USB","72","0000120000000000","URB_INTERRUPT in"
"365","14:47:20.565633","3.2.1","host","USB","72","0000110000000000","URB_INTERRUPT in"
"369","14:47:20.992636","3.2.1","host","USB","72","0000080000000000","URB_INTERRUPT in"
"373","14:47:21.508641","3.2.1","host","USB","72","00002c0000000000","URB_INTERRUPT in"
"377","14:47:22.121658","3.2.1","host","USB","72","0000080000000000","URB_INTERRUPT in"
"381","14:47:22.509653","3.2.1","host","USB","72","00000f0000000000","URB_INTERRUPT in"
"385","14:47:22.938657","3.2.1","host","USB","72","0000160000000000","URB_INTERRUPT in"
"389","14:47:23.381659","3.2.1","host","USB","72","0000080000000000","URB_INTERRUPT in"
"393","14:47:23.887666","3.2.1","host","USB","72","00002c0000000000","URB_INTERRUPT in"
"397","14:47:24.695694","3.2.1","host","USB","72","00001a0000000000","URB_INTERRUPT in"
"401","14:47:25.302695","3.2.1","host","USB","72","00000c0000000000","URB_INTERRUPT in"
"405","14:47:25.818685","3.2.1","host","USB","72","00000f0000000000","URB_INTERRUPT in"
"409","14:47:26.234704","3.2.1","host","USB","72","00000f0000000000","URB_INTERRUPT in"
"413","14:47:26.717694","3.2.1","host","USB","72","00002c0000000000","URB_INTERRUPT in"
"417","14:47:27.402710","3.2.1","host","USB","72","0000050000000000","URB_INTERRUPT in"
"421","14:47:27.974723","3.2.1","host","USB","72","0000080000000000","URB_INTERRUPT in"
"425","14:47:28.419717","3.2.1","host","USB","72","00002c0000000000","URB_INTERRUPT in"
"429","14:47:29.004718","3.2.1","host","USB","72","0000040000000000","URB_INTERRUPT in"
"433","14:47:29.334722","3.2.1","host","USB","72","0000050000000000","URB_INTERRUPT in"
"437","14:47:30.047742","3.2.1","host","USB","72","00000f0000000000","URB_INTERRUPT in"
"441","14:47:30.605736","3.2.1","host","USB","72","0000080000000000","URB_INTERRUPT in"
"445","14:47:31.200743","3.2.1","host","USB","72","00002c0000000000","URB_INTERRUPT in"
"449","14:47:31.752761","3.2.1","host","USB","72","0000170000000000","URB_INTERRUPT in"
"453","14:47:32.336753","3.2.1","host","USB","72","0000120000000000","URB_INTERRUPT in"
"457","14:47:32.641756","3.2.1","host","USB","72","00002c0000000000","URB_INTERRUPT in"
"461","14:47:33.410765","3.2.1","host","USB","72","0000150000000000","URB_INTERRUPT in"
"465","14:47:33.835769","3.2.1","host","USB","72","0000080000000000","URB_INTERRUPT in"
"469","14:47:34.691778","3.2.1","host","USB","72","0000040000000000","URB_INTERRUPT in"
"473","14:47:35.212795","3.2.1","host","USB","72","0000070000000000","URB_INTERRUPT in"
"477","14:47:36.174794","3.2.1","host","USB","72","00002c0000000000","URB_INTERRUPT in"
"481","14:47:36.610802","3.2.1","host","USB","72","00000c0000000000","URB_INTERRUPT in"
"485","14:47:37.144813","3.2.1","host","USB","72","0000170000000000","URB_INTERRUPT in"
"489","14:47:37.648810","3.2.1","host","USB","72","00002c0000000000","URB_INTERRUPT in"
"493","14:47:38.736834","3.2.1","host","USB","72","0000080000000000","URB_INTERRUPT in"
"497","14:47:39.114835","3.2.1","host","USB","72","00001b0000000000","URB_INTERRUPT in"
"501","14:47:39.589835","3.2.1","host","USB","72","0000060000000000","URB_INTERRUPT in"
"505","14:47:39.950833","3.2.1","host","USB","72","0000080000000000","URB_INTERRUPT in"
"509","14:47:40.412838","3.2.1","host","USB","72","0000130000000000","URB_INTERRUPT in"
"513","14:47:40.894853","3.2.1","host","USB","72","0000170000000000","URB_INTERRUPT in"
"517","14:47:41.360848","3.2.1","host","USB","72","00002c0000000000","URB_INTERRUPT in"
"521","14:47:41.947865","3.2.1","host","USB","72","0000120000000000","URB_INTERRUPT in"
"525","14:47:42.298869","3.2.1","host","USB","72","0000090000000000","URB_INTERRUPT in"
"529","14:47:43.468877","3.2.1","host","USB","72","00002c0000000000","URB_INTERRUPT in"
"533","14:47:43.898875","3.2.1","host","USB","72","0000180000000000","URB_INTERRUPT in"
"537","14:47:44.453882","3.2.1","host","USB","72","0000160000000000","URB_INTERRUPT in"
"541","14:47:44.858893","3.2.1","host","USB","72","0000370000000000","URB_INTERRUPT in"
"545","14:47:46.047900","3.2.1","host","USB","72","00002c0000000000","URB_INTERRUPT in"
"549","14:47:46.689913","3.2.1","host","USB","72","0200000000000000","URB_INTERRUPT in"
"551","14:47:47.364913","3.2.1","host","USB","72","0200170000000000","URB_INTERRUPT in"
"553","14:47:47.513913","3.2.1","host","USB","72","0200000000000000","URB_INTERRUPT in"
"557","14:47:48.959928","3.2.1","host","USB","72","00000b0000000000","URB_INTERRUPT in"
"561","14:47:49.345941","3.2.1","host","USB","72","00000c0000000000","URB_INTERRUPT in"
"565","14:47:49.838948","3.2.1","host","USB","72","0000160000000000","URB_INTERRUPT in"
"569","14:47:51.185951","3.2.1","host","USB","72","00002c0000000000","URB_INTERRUPT in"
"573","14:47:51.789967","3.2.1","host","USB","72","00000c0000000000","URB_INTERRUPT in"
"577","14:47:52.625969","3.2.1","host","USB","72","0000110000000000","URB_INTERRUPT in"
"581","14:47:53.224971","3.2.1","host","USB","72","0000090000000000","URB_INTERRUPT in"
"585","14:47:53.860984","3.2.1","host","USB","72","0000120000000000","URB_INTERRUPT in"
"589","14:47:54.343013","3.2.1","host","USB","72","0000150000000000","URB_INTERRUPT in"
"593","14:47:54.820987","3.2.1","host","USB","72","0000100000000000","URB_INTERRUPT in"
"597","14:47:55.452015","3.2.1","host","USB","72","0000040000000000","URB_INTERRUPT in"
"601","14:47:56.405018","3.2.1","host","USB","72","0000170000000000","URB_INTERRUPT in"
"605","14:47:56.990022","3.2.1","host","USB","72","00000c0000000000","URB_INTERRUPT in"
"609","14:47:57.483019","3.2.1","host","USB","72","0000120000000000","URB_INTERRUPT in"
"613","14:47:58.159024","3.2.1","host","USB","72","0000110000000000","URB_INTERRUPT in"
"617","14:47:58.670033","3.2.1","host","USB","72","00002c0000000000","URB_INTERRUPT in"
"621","14:47:59.455046","3.2.1","host","USB","72","00000c0000000000","URB_INTERRUPT in"
"625","14:48:00.046045","3.2.1","host","USB","72","0000160000000000","URB_INTERRUPT in"
"629","14:48:01.220062","3.2.1","host","USB","72","00002c0000000000","URB_INTERRUPT in"
"633","14:48:01.893061","3.2.1","host","USB","72","0000060000000000","URB_INTERRUPT in"
"637","14:48:02.297068","3.2.1","host","USB","72","0000120000000000","URB_INTERRUPT in"
"641","14:48:03.683084","3.2.1","host","USB","72","0000110000000000","URB_INTERRUPT in"
"645","14:48:04.202094","3.2.1","host","USB","72","0000090000000000","URB_INTERRUPT in"
"649","14:48:04.677090","3.2.1","host","USB","72","00000c0000000000","URB_INTERRUPT in"
"653","14:48:05.130094","3.2.1","host","USB","72","0000070000000000","URB_INTERRUPT in"
"657","14:48:05.724104","3.2.1","host","USB","72","0000080000000000","URB_INTERRUPT in"
"661","14:48:06.224107","3.2.1","host","USB","72","0000110000000000","URB_INTERRUPT in"
"665","14:48:06.686111","3.2.1","host","USB","72","0000170000000000","URB_INTERRUPT in"
"669","14:48:07.037117","3.2.1","host","USB","72","00000c0000000000","URB_INTERRUPT in"
"673","14:48:07.491131","3.2.1","host","USB","72","0000040000000000","URB_INTERRUPT in"
"677","14:48:07.912127","3.2.1","host","USB","72","00000f0000000000","URB_INTERRUPT in"
"681","14:48:08.954136","3.2.1","host","USB","72","00002c0000000000","URB_INTERRUPT in"
"685","14:48:09.905158","3.2.1","host","USB","72","0000040000000000","URB_INTERRUPT in"
"689","14:48:10.415149","3.2.1","host","USB","72","0000110000000000","URB_INTERRUPT in"
"693","14:48:10.919155","3.2.1","host","USB","72","0000070000000000","URB_INTERRUPT in"
"697","14:48:11.363181","3.2.1","host","USB","72","00002c0000000000","URB_INTERRUPT in"
"701","14:48:11.879165","3.2.1","host","USB","72","0000100000000000","URB_INTERRUPT in"
"705","14:48:12.432172","3.2.1","host","USB","72","0000180000000000","URB_INTERRUPT in"
"709","14:48:12.932192","3.2.1","host","USB","72","0000160000000000","URB_INTERRUPT in"
"713","14:48:13.538186","3.2.1","host","USB","72","0000170000000000","URB_INTERRUPT in"
"717","14:48:15.224202","3.2.1","host","USB","72","00002c0000000000","URB_INTERRUPT in"
"721","14:48:15.885212","3.2.1","host","USB","72","0000110000000000","URB_INTERRUPT in"
"725","14:48:16.490215","3.2.1","host","USB","72","0000120000000000","URB_INTERRUPT in"
"729","14:48:17.010230","3.2.1","host","USB","72","0000170000000000","URB_INTERRUPT in"
"733","14:48:19.139244","3.2.1","host","USB","72","00002c0000000000","URB_INTERRUPT in"
"737","14:48:20.903271","3.2.1","host","USB","72","0000050000000000","URB_INTERRUPT in"
"741","14:48:21.343276","3.2.1","host","USB","72","0000080000000000","URB_INTERRUPT in"
"745","14:48:21.827268","3.2.1","host","USB","72","00002c0000000000","URB_INTERRUPT in"
"749","14:48:22.396275","3.2.1","host","USB","72","0000160000000000","URB_INTERRUPT in"
"753","14:48:22.708291","3.2.1","host","USB","72","00000b0000000000","URB_INTERRUPT in"
"757","14:48:23.165286","3.2.1","host","USB","72","0000040000000000","URB_INTERRUPT in"
"761","14:48:23.623289","3.2.1","host","USB","72","0000150000000000","URB_INTERRUPT in"
"765","14:48:23.998292","3.2.1","host","USB","72","0000080000000000","URB_INTERRUPT in"
"769","14:48:24.349308","3.2.1","host","USB","72","0000070000000000","URB_INTERRUPT in"
"773","14:48:26.202315","3.2.1","host","USB","72","00002c0000000000","URB_INTERRUPT in"
"777","14:48:27.011334","3.2.1","host","USB","72","00001a0000000000","URB_INTERRUPT in"
"781","14:48:27.446350","3.2.1","host","USB","72","00000c0000000000","URB_INTERRUPT in"
"785","14:48:27.893342","3.2.1","host","USB","72","0000170000000000","URB_INTERRUPT in"
"789","14:48:28.737343","3.2.1","host","USB","72","00000b0000000000","URB_INTERRUPT in"
"793","14:48:29.268349","3.2.1","host","USB","72","00002c0000000000","URB_INTERRUPT in"
"797","14:48:29.985355","3.2.1","host","USB","72","0000040000000000","URB_INTERRUPT in"
"801","14:48:30.443359","3.2.1","host","USB","72","0000110000000000","URB_INTERRUPT in"
"805","14:48:31.536374","3.2.1","host","USB","72","00001c0000000000","URB_INTERRUPT in"
"809","14:48:32.497379","3.2.1","host","USB","72","0000120000000000","URB_INTERRUPT in"
"813","14:48:35.088420","3.2.1","host","USB","72","0000110000000000","URB_INTERRUPT in"
"817","14:48:36.152420","3.2.1","host","USB","72","0000080000000000","URB_INTERRUPT in"
"821","14:48:37.118449","3.2.1","host","USB","72","00002c0000000000","URB_INTERRUPT in"
"825","14:48:39.313452","3.2.1","host","USB","72","0000080000000000","URB_INTERRUPT in"
"829","14:48:40.477476","3.2.1","host","USB","72","00000f0000000000","URB_INTERRUPT in"
"833","14:48:40.908478","3.2.1","host","USB","72","0000160000000000","URB_INTERRUPT in"
"837","14:48:41.319472","3.2.1","host","USB","72","0000080000000000","URB_INTERRUPT in"
"841","14:48:41.991480","3.2.1","host","USB","72","0000370000000000","URB_INTERRUPT in"
"845","14:48:42.330483","3.2.1","host","USB","72","00002c0000000000","URB_INTERRUPT in"
"849","14:48:42.908488","3.2.1","host","USB","72","0200000000000000","URB_INTERRUPT in"
"851","14:48:43.035491","3.2.1","host","USB","72","0200170000000000","URB_INTERRUPT in"
"853","14:48:43.155495","3.2.1","host","USB","72","0200000000000000","URB_INTERRUPT in"
"857","14:48:43.764507","3.2.1","host","USB","72","00000b0000000000","URB_INTERRUPT in"
"861","14:48:45.140512","3.2.1","host","USB","72","0000080000000000","URB_INTERRUPT in"
"865","14:48:45.810517","3.2.1","host","USB","72","00002c0000000000","URB_INTERRUPT in"
"869","14:48:47.092533","3.2.1","host","USB","72","0000160000000000","URB_INTERRUPT in"
"873","14:48:47.850539","3.2.1","host","USB","72","0000080000000000","URB_INTERRUPT in"
"877","14:48:48.514559","3.2.1","host","USB","72","0000060000000000","URB_INTERRUPT in"
"881","14:48:49.017551","3.2.1","host","USB","72","0000150000000000","URB_INTERRUPT in"
"885","14:48:49.529568","3.2.1","host","USB","72","0000080000000000","URB_INTERRUPT in"
"889","14:48:50.009561","3.2.1","host","USB","72","0000170000000000","URB_INTERRUPT in"
"893","14:48:50.622588","3.2.1","host","USB","72","0000040000000000","URB_INTERRUPT in"
"897","14:48:51.240577","3.2.1","host","USB","72","0000150000000000","URB_INTERRUPT in"
"901","14:48:51.603578","3.2.1","host","USB","72","00001c0000000000","URB_INTERRUPT in"
"905","14:48:52.473599","3.2.1","host","USB","72","0000340000000000","URB_INTERRUPT in"
"909","14:48:52.827605","3.2.1","host","USB","72","0000160000000000","URB_INTERRUPT in"
"913","14:48:53.271595","3.2.1","host","USB","72","00002c0000000000","URB_INTERRUPT in"
"917","14:48:54.964629","3.2.1","host","USB","72","00000b0000000000","URB_INTERRUPT in"
"921","14:48:55.482628","3.2.1","host","USB","72","00000c0000000000","URB_INTERRUPT in"
"925","14:48:56.005625","3.2.1","host","USB","72","0000070000000000","URB_INTERRUPT in"
"929","14:48:56.333739","3.2.1","host","USB","72","0000070000000000","URB_INTERRUPT in"
"933","14:48:56.688646","3.2.1","host","USB","72","0000080000000000","URB_INTERRUPT in"
"937","14:48:57.261640","3.2.1","host","USB","72","0000110000000000","URB_INTERRUPT in"
"941","14:48:57.974647","3.2.1","host","USB","72","00002c0000000000","URB_INTERRUPT in"
"945","14:48:58.572661","3.2.1","host","USB","72","00000f0000000000","URB_INTERRUPT in"
"949","14:48:58.884655","3.2.1","host","USB","72","0000120000000000","URB_INTERRUPT in"
"953","14:48:59.950668","3.2.1","host","USB","72","0000060000000000","URB_INTERRUPT in"
"957","14:49:00.573687","3.2.1","host","USB","72","0000040000000000","URB_INTERRUPT in"
"961","14:49:00.985679","3.2.1","host","USB","72","0000170000000000","URB_INTERRUPT in"
"965","14:49:01.150678","3.2.1","host","USB","72","00000c0000000000","URB_INTERRUPT in"
"969","14:49:02.281701","3.2.1","host","USB","72","0000120000000000","URB_INTERRUPT in"
"973","14:49:03.269700","3.2.1","host","USB","72","0000110000000000","URB_INTERRUPT in"
"977","14:49:03.656705","3.2.1","host","USB","72","00002c0000000000","URB_INTERRUPT in"
"981","14:49:05.372850","3.2.1","host","USB","72","00000c0000000000","URB_INTERRUPT in"
"985","14:49:05.713733","3.2.1","host","USB","72","0000160000000000","URB_INTERRUPT in"
"989","14:49:08.385760","3.2.1","host","USB","72","00002c0000000000","URB_INTERRUPT in"
"993","14:49:14.891822","3.2.1","host","USB","72","0200000000000000","URB_INTERRUPT in"
"995","14:49:15.501826","3.2.1","host","USB","72","0200060000000000","URB_INTERRUPT in"
"997","14:49:15.637828","3.2.1","host","USB","72","0200000000000000","URB_INTERRUPT in"
"999","14:49:16.603840","3.2.1","host","USB","72","02000b0000000000","URB_INTERRUPT in"
"1001","14:49:16.715839","3.2.1","host","USB","72","0200000000000000","URB_INTERRUPT in"
"1003","14:49:17.464849","3.2.1","host","USB","72","0200170000000000","URB_INTERRUPT in"
"1005","14:49:17.616853","3.2.1","host","USB","72","0200000000000000","URB_INTERRUPT in"
"1007","14:49:18.414857","3.2.1","host","USB","72","0200050000000000","URB_INTERRUPT in"
"1009","14:49:18.573858","3.2.1","host","USB","72","0200000000000000","URB_INTERRUPT in"
"1013","14:49:19.708870","3.2.1","host","USB","72","0200000000000000","URB_INTERRUPT in"
"1015","14:49:20.455889","3.2.1","host","USB","72","02002f0000000000","URB_INTERRUPT in"
"1017","14:49:20.659880","3.2.1","host","USB","72","0200000000000000","URB_INTERRUPT in"
"1021","14:49:46.263159","3.2.1","host","USB","72","0000040000000000","URB_INTERRUPT in"
"1025","14:49:47.433183","3.2.1","host","USB","72","0200000000000000","URB_INTERRUPT in"
"1027","14:49:48.632182","3.2.1","host","USB","72","02002d0000000000","URB_INTERRUPT in"
"1029","14:49:48.768174","3.2.1","host","USB","72","0200000000000000","URB_INTERRUPT in"
"1033","14:49:49.435181","3.2.1","host","USB","72","0000130000000000","URB_INTERRUPT in"
"1037","14:49:50.015395","3.2.1","host","USB","72","00000f0000000000","URB_INTERRUPT in"
"1041","14:49:50.498198","3.2.1","host","USB","72","0000040000000000","URB_INTERRUPT in"
"1045","14:49:51.242221","3.2.1","host","USB","72","0000060000000000","URB_INTERRUPT in"
"1049","14:49:52.143229","3.2.1","host","USB","72","0000200000000000","URB_INTERRUPT in"
"1053","14:50:00.316296","3.2.1","host","USB","72","0200000000000000","URB_INTERRUPT in"
"1055","14:50:00.885311","3.2.1","host","USB","72","02002d0000000000","URB_INTERRUPT in"
"1057","14:50:01.005311","3.2.1","host","USB","72","0200000000000000","URB_INTERRUPT in"
"1061","14:50:02.879322","3.2.1","host","USB","72","0000090000000000","URB_INTERRUPT in"
"1065","14:50:05.359464","3.2.1","host","USB","72","0200000000000000","URB_INTERRUPT in"
"1067","14:50:06.099354","3.2.1","host","USB","72","0200040000000000","URB_INTERRUPT in"
"1069","14:50:06.292358","3.2.1","host","USB","72","0200000000000000","URB_INTERRUPT in"
"1073","14:50:07.064383","3.2.1","host","USB","72","0000150000000000","URB_INTERRUPT in"
"1077","14:50:08.057373","3.2.1","host","USB","72","0200000000000000","URB_INTERRUPT in"
"1079","14:50:08.573382","3.2.1","host","USB","72","02002d0000000000","URB_INTERRUPT in"
"1081","14:50:08.715391","3.2.1","host","USB","72","0200000000000000","URB_INTERRUPT in"
"1085","14:50:10.657402","3.2.1","host","USB","72","0000090000000000","URB_INTERRUPT in"
"1089","14:50:11.185407","3.2.1","host","USB","72","0200000000000000","URB_INTERRUPT in"
"1091","14:50:11.573413","3.2.1","host","USB","72","0200040000000000","URB_INTERRUPT in"
"1093","14:50:11.769638","3.2.1","host","USB","72","0200000000000000","URB_INTERRUPT in"
"1097","14:50:12.955436","3.2.1","host","USB","72","0000150000000000","URB_INTERRUPT in"
"1101","14:50:14.007443","3.2.1","host","USB","72","0200000000000000","URB_INTERRUPT in"
"1103","14:50:14.718453","3.2.1","host","USB","72","02002d0000000000","URB_INTERRUPT in"
"1105","14:50:14.822454","3.2.1","host","USB","72","0200000000000000","URB_INTERRUPT in"
"1109","14:50:16.086459","3.2.1","host","USB","72","0000040000000000","URB_INTERRUPT in"
"1113","14:50:17.400472","3.2.1","host","USB","72","00001a0000000000","URB_INTERRUPT in"
"1117","14:50:18.404485","3.2.1","host","USB","72","0000040000000000","URB_INTERRUPT in"
"1121","14:50:19.947504","3.2.1","host","USB","72","00001c0000000000","URB_INTERRUPT in"
"1125","14:50:20.725505","3.2.1","host","USB","72","0200000000000000","URB_INTERRUPT in"
"1127","14:50:20.993509","3.2.1","host","USB","72","02002d0000000000","URB_INTERRUPT in"
"1129","14:50:21.102509","3.2.1","host","USB","72","0200000000000000","URB_INTERRUPT in"
"1133","14:50:22.651537","3.2.1","host","USB","72","0000090000000000","URB_INTERRUPT in"
"1137","14:50:23.686557","3.2.1","host","USB","72","0000150000000000","URB_INTERRUPT in"
"1141","14:50:24.564545","3.2.1","host","USB","72","0000270000000000","URB_INTERRUPT in"
"1145","14:50:25.696577","3.2.1","host","USB","72","0000100000000000","URB_INTERRUPT in"
"1149","14:50:26.472564","3.2.1","host","USB","72","0200000000000000","URB_INTERRUPT in"
"1151","14:50:26.740567","3.2.1","host","USB","72","02002d0000000000","URB_INTERRUPT in"
"1153","14:50:26.838573","3.2.1","host","USB","72","0200000000000000","URB_INTERRUPT in"
"1157","14:50:28.063593","3.2.1","host","USB","72","0000080000000000","URB_INTERRUPT in"
"1161","14:50:29.307597","3.2.1","host","USB","72","0000040000000000","URB_INTERRUPT in"
"1165","14:50:29.989604","3.2.1","host","USB","72","0000080000000000","URB_INTERRUPT in"
"1169","14:50:39.916712","3.2.1","host","USB","72","00002a0000000000","URB_INTERRUPT in"
"1173","14:50:41.696724","3.2.1","host","USB","72","0000150000000000","URB_INTERRUPT in"
"1177","14:50:42.375729","3.2.1","host","USB","72","0000170000000000","URB_INTERRUPT in"
"1181","14:50:43.228742","3.2.1","host","USB","72","00000b0000000000","URB_INTERRUPT in"
"1185","14:50:44.206760","3.2.1","host","USB","72","0200000000000000","URB_INTERRUPT in"
"1187","14:50:46.000772","3.2.1","host","USB","72","0200300000000000","URB_INTERRUPT in"
"1189","14:50:46.103769","3.2.1","host","USB","72","0200000000000000","URB_INTERRUPT in"
